<?xml version="1.0" encoding="UTF-8" ?>
<!DOCTYPE mapper
        PUBLIC "-//mybatis.org//DTD Mapper 3.0//EN"
        "http://mybatis.org/dtd/mybatis-3-mapper.dtd">

<mapper namespace="com.webdesign.bestsell.dao.CartDao">

    <resultMap id="CartResultMap" type="Cart">

        <id column="id" property="id" jdbcType="INTEGER"/>

        <result column="user_id" property="userId" jdbcType="INTEGER"/>
        <result column="product_id" property="productId" jdbcType="INTEGER"/>
        <result column="count" property="count" jdbcType="INTEGER"/>
    </resultMap>

    <select id="getCartByUserId" resultMap="CartResultMap">
        select * from cart where user_id = #{userId,jdbcType=INTEGER}
    </select>

    <select id="getCartCountByUidAndPid" resultMap="CartResultMap">
        select * from cart where user_id = #{userId,jdbcType=INTEGER} AND product_id = #{productId,jdbcType=INTEGER}
    </select>

    <insert id="addToCart" parameterType="Cart">
        INSERT INTO `cart` (`user_id`, `product_id`, `count`)
        VALUES (#{userId,jdbcType=INTEGER}, #{productId,jdbcType=INTEGER},
                #{count,jdbcType=INTEGER});
    </insert>

    <delete id="deleteCartByProductId" parameterType="int">
        delete from cart where user_id = #{userId,jdbcType=INTEGER} and product_id = #{productId,jdbcType=INTEGER}
    </delete>

    <update id="updateCartCount" parameterType="Cart">

        update cart

        <trim prefix="set" suffixOverrides=",">
            <if test="count != null "> `count` = #{count,jdbcType=INTEGER},</if>
        </trim>
        where
        id=#{id}
    </update>

</mapper>