<?xml version="1.0" encoding="UTF-8" ?>
<!DOCTYPE mapper
        PUBLIC "-//mybatis.org//DTD Mapper 3.0//EN"
        "http://mybatis.org/dtd/mybatis-3-mapper.dtd">

<mapper namespace="com.webdesign.bestsell.dao.OrderDao">

    <resultMap id="OrderResultMap" type="Order">

        <id column="id" property="id" jdbcType="INTEGER"/>

        <result column="user_id" property="userId" jdbcType="INTEGER"/>
        <result column="product_id" property="productId" jdbcType="INTEGER"/>
        <result column="create_time" property="createTime" jdbcType="TIMESTAMP"/>
        <result column="count" property="count" jdbcType="INTEGER"/>
    </resultMap>

    <select id="getOrderByUserId" resultMap="OrderResultMap">
        select * from `order` where user_id = #{userId,jdbcType=INTEGER}
    </select>

    <insert id="placeOrder" parameterType="Order" useGeneratedKeys="true" keyProperty="id" keyColumn="id">

        INSERT INTO `order` (`user_id`, `product_id`, `create_time`, `count`)
        VALUES (#{userId,jdbcType=INTEGER}, #{productId,jdbcType=INTEGER},
                #{createTime,jdbcType=TIMESTAMP}, #{count,jdbcType=INTEGER});

    </insert>

</mapper>